{
    "granel": {
        "frijol": [
            "AZUFRADO",
            "BAYO BERRENDO",
            "BAYO GORDO",
            "BOLA",
            "CHICHARO",
            "FRIJOL SOYA",
            "GARBANCILLO ZARCO",
            "JAPONES",
            "JAPONES BOLA",
            "JUNIO",
            "MAYO",
            "MEDIA OREJA",
            "NEGRO",
            "PERUANO HIGUERA",
            "PERUANO NORMAL",
            "ROSA DE CASTILLA",
            "TEXANO AMERICANO",
            "TEXANO NACIONAL"
        ],
        "cereales": [
            "AJONJOLI",
            "ALBERJON",
            "ALPISTE",
            "AMARANTO",
            "CHIA",
            "CARTAMO",
            "CEBADA DE LA INDIA",
            "AMARANTO CON MIEL",
            "CEBADA PERLA",
            "EMPANIZADOR",
            "EVO",
            "GERMEN DE TRIGO TOSTADO",
            "GERMEN TRIGO",
            "GRANOLA 5 KG",
            "LINAZA ENTERA",
            "LINAZA MOLIDA",
            "MIJO BLANCO",
            "MIJO ROJO",
            "NABO",
            "PEPITA PELADA",
            "SALVADO",
            "SALVADO TOSTADO",
            "SEMILLA TAPATIA",
            "TRIGO"
        ],
        "hojuelas": [
            "AVENA HOJUELA",
            "CEREAL AROS CON MIEL",
            "CEREAL DE AVENA",
            "CHOCORROZ",
            "HOJUELA NATURAL",
            "HOJUELA ZUCARITAS",
            "HOJUELA DE CHOCOLATE",
            "HOJUELA FIBRA",
            "FRUTI RUEDAS",
            "TRIGO INFLADO",
            "CHEWY FRUTA"
        ],
        "arroz": [
            "ARROZ INTEGRAL",
            "ARROZ JOJUTLA",
            "ARROZ MEDIO GRANO",
            "ARROZ PROGRESO GRANEL",
            "ARROZ PROGRESO KILO",
            "ARROZ SINALOA",
            "ARROZ VILLITA ROJO"
        ],
        "botana": [
            "BOTANA CAC C/CASCARA",
            "BOTANA CAC C/CHILE",
            "BOTANA CAC C/SAL",
            "BOTANA CACAHUATE MACHO",
            "BOTANA CACAHUATE MIXTO",
            "BOTANA GARBANZA",
            "BOTANA HABAS C/CHILE",
            "BOTANA S DE GIRASOL C/SAL",
            "BOTANA S.CALABAZA C/SAL",
            "CACAHUATE ROJO O BLANCO",
            "CACAHUATE RUNER"
        ],
        "secos": [
            "CAMARON CHICO",
            "CAMARON GRANDE",
            "CAMARON MEDIANO",
            "CANELA CORTADA",
            "CANELA DE VARA",
            "CANELA MOLIDA PURA",
            "CANELA MOLIDA SINTETICA",
            "CANELA QUEBRADA",
            "CARBON",
            "HOJA P/TAMAL KILEADA",
            "HOJAS P/TAMAL ZEPEDA,4 MILPAS RANCHERIT",
            "HUEVO",
            "JAMAICA COLIMA",
            "JAMAICA SUDAN"
        ],
        "frutaSeca": [
            "ALMENDRA",
            "ARANDANO",
            "CIRUELA PASA",
            "CIRUELA SECA",
            "CIRUELA SIN HUESO",
            "COCO RALLADO",
            "MARQUETA DE TAMARINDO",
            "NUEZ GRANILLO",
            "NUEZ MITAD",
            "NUEZ PEDAZO",
            "PINGUICA MOLIDA",
            "PISTACHE",
            "TAMARINDO",
            "UVA PASA"
        ],
        "maiz": [
            "MAIZ ENTERO",
            "MAIZ ENTERO AMARILLO",
            "MAIZ MILO",
            "MAIZ PALOMERO AMERICANO",
            "MAIZ PALOMERO VELOZ RAMOS",
            "MAIZ POZ. BCO CHICO",
            "MAIZ QUEBRADO AMARILLO",
            "MAÍZ POZOLERO EXTRA",
            "2MAIZ POZOLERO ROJO"
        ],
        "especias": [
            "ACHIOTE EXTRA",
            "ACHIOTE EXTRA",
            "ACHIOTE YUCATECO",
            "ACHIOTE YUCATECO",
            "ADOBO DE ACHIOTE",
            "ADOBO ESPECIAL",
            "AJINOMOTO",
            "AJO CHICO",
            "AJO GRANDE",
            "AJO MEDIANO",
            "AJO PURO MOLIDO",
            "CARBONATO",
            "CLAVO",
            "CLAVO MOLIDO",
            "COMINO",
            "COMINO MOLIDO",
            "CONDIMENTO P/BIRRIA",
            "CONSOMATE",
            "CONSOME DE POLLO",
            "DIENTE DE AJO",
            "JENGIBRE",
            "JENGIBRE MOLIDO",
            "LAUREL",
            "MEJORANA",
            "MEJORANA MOLIDA",
            "MOLE ATOCPAN",
            "MOLE ESPECIAL",
            "PEPIAN ESPECIAL",
            "PIMIENTA",
            "PIMIENTA MOLIDA",
            "SAL CON AJO MOLIDO",
            "TOMILLO",
            "TOMILLO MOLIDO",
            "VINAGRE"
        ],
        "sal": [
            "SAL COLIMA",
            "SAL DE GRANO",
            "SAL FINA MESA",
            "SAL MOLIDA A GRANEL",
            "SAL NITRO 10 KG",
            "SAL CON AJO MOLIDO"
        ],
        "harina": [
            "HARINA",
            "MAIZENA/ALMIDON",
            "ROYAL"
        ],
        "pastas": [
            "HOJUELA DE PAPA",
            "PASTA 10*10 PALMEX",
            "PASTA 11*11 GUSTINOS",
            "PASTA 4*4 GUSTINOS",
            "PASTA 9*14 MICHEL",
            "PASTA ANILLO GUSTINOS",
            "PASTA ANILLO PAPA",
            "PASTA DE TUBO",
            "PASTA GUSANITO GUSTINOS",
            "PASTA HOJUELA PAPA PALMEX",
            "PASTA MINICUADRO GUSTINOS",
            "PASTA MINICUADRO PAPA",
            "PASTA MINIRUEDA GUSTINOS",
            "PASTA PALITO GUSTINOS",
            "PASTA PAPA MINIRUEDA GUSTINOS",
            "PASTA PAPA PALITO GUSTINOS",
            "PASTA PAPA RUEDA GRANDE GUSTINOS",
            "PASTA RAQUETA GUSTINOS",
            "PASTA RUEDA GRANDE GUSTINOS",
            "PASTA TORNILLO GUSTINOS",
            "PASTA TUERCA GUSTINOS",
            "ACT II MANTEQUILLA NAT. EXTRA."
        ],
        "chiles": [
            "CHILACATE (GUAJON)",
            "CHILE ANCHO",
            "CHILE ARBOL DESCAVADO",
            "CHILE ARBOL MOLIDO 1A",
            "CHILE CASCABEL",
            "CHILE CHIHUAHUA",
            "CHILE CHIPOTLE",
            "CHILE DORADO",
            "CHILE JALAPEÑO",
            "CHILE MIRASOL",
            "CHILE MORITA",
            "CHILE MULATO",
            "CHILE PASILLA",
            "CHILE SERRANO",
            "CHILE YAHUALICA",
            "PAPRIKA",
            "PAPRIKA MOLIDA"
        ],
        "mascotas": [
            "ATLETIC",
            "ATLETIC CACHORRO",
            "CAMPEON ADULTO",
            "CAMPEON CACHORRO",
            "CARE DOG",
            "CAT CHOW ",
            "CODOREPRODUCTORA",
            "CONEJINA",
            "CRECIMIENTO DE POLLOS",
            "DOG CHOW ADULTO",
            "DOG CHOW CACHORRO",
            "ENGORDA DE POLLOS",
            "ENTREPELEA DE GALLO",
            "GANADOR ADULTO",
            "GANADOR PUPPY",
            "GATINA",
            "GIRASOL FORRAJERA",
            "HI-DOG",
            "MININO",
            "NUTRI WOW",
            "PEDIGREE ADULTO",
            "PEDIGREE CACHORRO",
            "PODER CANINO",
            "PONEDORA",
            "REVOLTURA DE GALLO",
            "REVOLTURA DE PAJARO",
            "REVOLTURA DE POLLOS",
            "S.CHOICE AMARILLO",
            "S.CHOICE AZUL",
            "SILVER KAN",
            "WHISKAS"
        ],
        "dulces": [
            "AMARILLO HUEVO",
            "AZUCAR",
            "AZUCAR GLASS",
            "AZUCAR MOSCABADO",
            "FLAN JATI",
            "GRAGEA",
            "GRANILLO COLORES",
            "GRANILLO DE CHOCOLATE",
            "GRENETINA AMERICANA",
            "GRENETINA DIAMANTE",
            "GRENETINA DUCHE",
            "HORCHATA DE LA INDIA",
            "HORCHATA EN POLVO SABOR",
            "HORCHATA GALON",
            "HORCHATA LIQUIDA",
            "HORCHATA LIQUIDA",
            "LECHE DE  ALPISTE",
            "LECHE DE SOYA",
            "LECHE DE SOYA VARIOS SABORES",
            "PILONCILLO COLORADO",
            "PILONCILLO CONO GRANDE",
            "PILONCILLO MEXPAN",
            "PILONCILLO PIHUAMO",
            "ROJO FRESA",
            "SUSTITUTO CREMA",
            "SUSTITUTO DE CREMA A GRANEL",
            "VAINILLA",
            "VAINILLA"
        ],
        "semillas": [
            "ALBERJON",
            "ALUBIA CHICA",
            "ALUBIA GRANDE",
            "ALUBIA GRANDE",
            "ALUBIA MEDIANA",
            "CHICHARO VERDE ENTERO",
            "CHICHARO VERDE MITAD",
            "GARBANZA CHICA",
            "GARBANZA CRIOLLA",
            "GARBANZA GRANDE",
            "GARBANZO PUERQUERO",
            "GIRASOL",
            "HABAS",
            "LENTEJA CHICA",
            "LENTEJA GRANDE",
            "NIGER",
            "SOYA TEXTURIZADA"
        ]
    },
    "imgEmp": [
        "alubiaCH",
        "alubiaGD",
        "arrozEX",
        "arrozGR",
        "azucar",
        "bayo",
        "chicharos",
        "florDeMayo",
        "garbanza",
        "habas",
        "lentejas",
        "maizPalomero"
    ],
    "empacados": {
        "alubiaCH": "Lorem ipsum dolor sit amet, consectetuer adipiscing elit, sed diam nonummy nibh euismod tincidunt ut laoreet dolore magna aliquam erat volutpat. Ut wisi enim ad minim veniam, quis nostrud exerci tation ullamcorper suscipit lobortis nisl ut aliquip ex ea commodo consequat. Duis autem vel eum iriure dolor in hendrerit in vulputate velit esse molestie consequat, vel illum dolore eu feugiat nulla facilisis at vero eros et accumsan et iusto odio dignissim qui blandit praesent luptatum zzril delenit augue duis dolore te feugait nulla facilisi. Nam liber tempor cum soluta nobis eleifend option congue nihil imperdiet doming id quod mazim placerat facer possim assum. Typi non habent claritatem insitam; est usus legentis in iis qui facit eorum claritatem. Investigationes demonstraverunt lectores legere me lius quod ii legunt saepius. Claritas est etiam processus dynamicus, qui sequitur mutationem consuetudium lectorum. Mirum est notare quam littera gothica, quam nunc putamus parum claram, anteposuerit litterarum formas humanitatis per seacula quarta decima et quinta decima. Eodem modo typi, qui nunc nobis videntur parum clari, fiant sollemnes in futurum." ,
        "alubiaGD": "Lorem ipsum dolor sit amet, consectetuer adipiscing elit, sed diam nonummy nibh euismod tincidunt ut laoreet dolore magna aliquam erat volutpat. Ut wisi enim ad minim veniam, quis nostrud exerci tation ullamcorper suscipit lobortis nisl ut aliquip ex ea commodo consequat. Duis autem vel eum iriure dolor in hendrerit in vulputate velit esse molestie consequat, vel illum dolore eu feugiat nulla facilisis at vero eros et accumsan et iusto odio dignissim qui blandit praesent luptatum zzril delenit augue duis dolore te feugait nulla facilisi. Nam liber tempor cum soluta nobis eleifend option congue nihil imperdiet doming id quod mazim placerat facer possim assum. Typi non habent claritatem insitam; est usus legentis in iis qui facit eorum claritatem. Investigationes demonstraverunt lectores legere me lius quod ii legunt saepius. Claritas est etiam processus dynamicus, qui sequitur mutationem consuetudium lectorum. Mirum est notare quam littera gothica, quam nunc putamus parum claram, anteposuerit litterarum formas humanitatis per seacula quarta decima et quinta decima. Eodem modo typi, qui nunc nobis videntur parum clari, fiant sollemnes in futurum.",
        "arrozEX": "Lorem ipsum dolor sit amet, consectetuer adipiscing elit, sed diam nonummy nibh euismod tincidunt ut laoreet dolore magna aliquam erat volutpat. Ut wisi enim ad minim veniam, quis nostrud exerci tation ullamcorper suscipit lobortis nisl ut aliquip ex ea commodo consequat. Duis autem vel eum iriure dolor in hendrerit in vulputate velit esse molestie consequat, vel illum dolore eu feugiat nulla facilisis at vero eros et accumsan et iusto odio dignissim qui blandit praesent luptatum zzril delenit augue duis dolore te feugait nulla facilisi. Nam liber tempor cum soluta nobis eleifend option congue nihil imperdiet doming id quod mazim placerat facer possim assum. Typi non habent claritatem insitam; est usus legentis in iis qui facit eorum claritatem. Investigationes demonstraverunt lectores legere me lius quod ii legunt saepius. Claritas est etiam processus dynamicus, qui sequitur mutationem consuetudium lectorum. Mirum est notare quam littera gothica, quam nunc putamus parum claram, anteposuerit litterarum formas humanitatis per seacula quarta decima et quinta decima. Eodem modo typi, qui nunc nobis videntur parum clari, fiant sollemnes in futurum.",
        "arrozGR": "Lorem ipsum dolor sit amet, consectetuer adipiscing elit, sed diam nonummy nibh euismod tincidunt ut laoreet dolore magna aliquam erat volutpat. Ut wisi enim ad minim veniam, quis nostrud exerci tation ullamcorper suscipit lobortis nisl ut aliquip ex ea commodo consequat. Duis autem vel eum iriure dolor in hendrerit in vulputate velit esse molestie consequat, vel illum dolore eu feugiat nulla facilisis at vero eros et accumsan et iusto odio dignissim qui blandit praesent luptatum zzril delenit augue duis dolore te feugait nulla facilisi. Nam liber tempor cum soluta nobis eleifend option congue nihil imperdiet doming id quod mazim placerat facer possim assum. Typi non habent claritatem insitam; est usus legentis in iis qui facit eorum claritatem. Investigationes demonstraverunt lectores legere me lius quod ii legunt saepius. Claritas est etiam processus dynamicus, qui sequitur mutationem consuetudium lectorum. Mirum est notare quam littera gothica, quam nunc putamus parum claram, anteposuerit litterarum formas humanitatis per seacula quarta decima et quinta decima. Eodem modo typi, qui nunc nobis videntur parum clari, fiant sollemnes in futurum.",
        "azucar": "Lorem ipsum dolor sit amet, consectetuer adipiscing elit, sed diam nonummy nibh euismod tincidunt ut laoreet dolore magna aliquam erat volutpat. Ut wisi enim ad minim veniam, quis nostrud exerci tation ullamcorper suscipit lobortis nisl ut aliquip ex ea commodo consequat. Duis autem vel eum iriure dolor in hendrerit in vulputate velit esse molestie consequat, vel illum dolore eu feugiat nulla facilisis at vero eros et accumsan et iusto odio dignissim qui blandit praesent luptatum zzril delenit augue duis dolore te feugait nulla facilisi. Nam liber tempor cum soluta nobis eleifend option congue nihil imperdiet doming id quod mazim placerat facer possim assum. Typi non habent claritatem insitam; est usus legentis in iis qui facit eorum claritatem. Investigationes demonstraverunt lectores legere me lius quod ii legunt saepius. Claritas est etiam processus dynamicus, qui sequitur mutationem consuetudium lectorum. Mirum est notare quam littera gothica, quam nunc putamus parum claram, anteposuerit litterarum formas humanitatis per seacula quarta decima et quinta decima. Eodem modo typi, qui nunc nobis videntur parum clari, fiant sollemnes in futurum.",
        "bayo": "Lorem ipsum dolor sit amet, consectetuer adipiscing elit, sed diam nonummy nibh euismod tincidunt ut laoreet dolore magna aliquam erat volutpat. Ut wisi enim ad minim veniam, quis nostrud exerci tation ullamcorper suscipit lobortis nisl ut aliquip ex ea commodo consequat. Duis autem vel eum iriure dolor in hendrerit in vulputate velit esse molestie consequat, vel illum dolore eu feugiat nulla facilisis at vero eros et accumsan et iusto odio dignissim qui blandit praesent luptatum zzril delenit augue duis dolore te feugait nulla facilisi. Nam liber tempor cum soluta nobis eleifend option congue nihil imperdiet doming id quod mazim placerat facer possim assum. Typi non habent claritatem insitam; est usus legentis in iis qui facit eorum claritatem. Investigationes demonstraverunt lectores legere me lius quod ii legunt saepius. Claritas est etiam processus dynamicus, qui sequitur mutationem consuetudium lectorum. Mirum est notare quam littera gothica, quam nunc putamus parum claram, anteposuerit litterarum formas humanitatis per seacula quarta decima et quinta decima. Eodem modo typi, qui nunc nobis videntur parum clari, fiant sollemnes in futurum.",
        "chicharos": "Lorem ipsum dolor sit amet, consectetuer adipiscing elit, sed diam nonummy nibh euismod tincidunt ut laoreet dolore magna aliquam erat volutpat. Ut wisi enim ad minim veniam, quis nostrud exerci tation ullamcorper suscipit lobortis nisl ut aliquip ex ea commodo consequat. Duis autem vel eum iriure dolor in hendrerit in vulputate velit esse molestie consequat, vel illum dolore eu feugiat nulla facilisis at vero eros et accumsan et iusto odio dignissim qui blandit praesent luptatum zzril delenit augue duis dolore te feugait nulla facilisi. Nam liber tempor cum soluta nobis eleifend option congue nihil imperdiet doming id quod mazim placerat facer possim assum. Typi non habent claritatem insitam; est usus legentis in iis qui facit eorum claritatem. Investigationes demonstraverunt lectores legere me lius quod ii legunt saepius. Claritas est etiam processus dynamicus, qui sequitur mutationem consuetudium lectorum. Mirum est notare quam littera gothica, quam nunc putamus parum claram, anteposuerit litterarum formas humanitatis per seacula quarta decima et quinta decima. Eodem modo typi, qui nunc nobis videntur parum clari, fiant sollemnes in futurum.",
        "florDeMayo": "Lorem ipsum dolor sit amet, consectetuer adipiscing elit, sed diam nonummy nibh euismod tincidunt ut laoreet dolore magna aliquam erat volutpat. Ut wisi enim ad minim veniam, quis nostrud exerci tation ullamcorper suscipit lobortis nisl ut aliquip ex ea commodo consequat. Duis autem vel eum iriure dolor in hendrerit in vulputate velit esse molestie consequat, vel illum dolore eu feugiat nulla facilisis at vero eros et accumsan et iusto odio dignissim qui blandit praesent luptatum zzril delenit augue duis dolore te feugait nulla facilisi. Nam liber tempor cum soluta nobis eleifend option congue nihil imperdiet doming id quod mazim placerat facer possim assum. Typi non habent claritatem insitam; est usus legentis in iis qui facit eorum claritatem. Investigationes demonstraverunt lectores legere me lius quod ii legunt saepius. Claritas est etiam processus dynamicus, qui sequitur mutationem consuetudium lectorum. Mirum est notare quam littera gothica, quam nunc putamus parum claram, anteposuerit litterarum formas humanitatis per seacula quarta decima et quinta decima. Eodem modo typi, qui nunc nobis videntur parum clari, fiant sollemnes in futurum.",
        "garbanza": "Lorem ipsum dolor sit amet, consectetuer adipiscing elit, sed diam nonummy nibh euismod tincidunt ut laoreet dolore magna aliquam erat volutpat. Ut wisi enim ad minim veniam, quis nostrud exerci tation ullamcorper suscipit lobortis nisl ut aliquip ex ea commodo consequat. Duis autem vel eum iriure dolor in hendrerit in vulputate velit esse molestie consequat, vel illum dolore eu feugiat nulla facilisis at vero eros et accumsan et iusto odio dignissim qui blandit praesent luptatum zzril delenit augue duis dolore te feugait nulla facilisi. Nam liber tempor cum soluta nobis eleifend option congue nihil imperdiet doming id quod mazim placerat facer possim assum. Typi non habent claritatem insitam; est usus legentis in iis qui facit eorum claritatem. Investigationes demonstraverunt lectores legere me lius quod ii legunt saepius. Claritas est etiam processus dynamicus, qui sequitur mutationem consuetudium lectorum. Mirum est notare quam littera gothica, quam nunc putamus parum claram, anteposuerit litterarum formas humanitatis per seacula quarta decima et quinta decima. Eodem modo typi, qui nunc nobis videntur parum clari, fiant sollemnes in futurum.",
        "habas": "Lorem ipsum dolor sit amet, consectetuer adipiscing elit, sed diam nonummy nibh euismod tincidunt ut laoreet dolore magna aliquam erat volutpat. Ut wisi enim ad minim veniam, quis nostrud exerci tation ullamcorper suscipit lobortis nisl ut aliquip ex ea commodo consequat. Duis autem vel eum iriure dolor in hendrerit in vulputate velit esse molestie consequat, vel illum dolore eu feugiat nulla facilisis at vero eros et accumsan et iusto odio dignissim qui blandit praesent luptatum zzril delenit augue duis dolore te feugait nulla facilisi. Nam liber tempor cum soluta nobis eleifend option congue nihil imperdiet doming id quod mazim placerat facer possim assum. Typi non habent claritatem insitam; est usus legentis in iis qui facit eorum claritatem. Investigationes demonstraverunt lectores legere me lius quod ii legunt saepius. Claritas est etiam processus dynamicus, qui sequitur mutationem consuetudium lectorum. Mirum est notare quam littera gothica, quam nunc putamus parum claram, anteposuerit litterarum formas humanitatis per seacula quarta decima et quinta decima. Eodem modo typi, qui nunc nobis videntur parum clari, fiant sollemnes in futurum.",
        "lentejas": "Lorem ipsum dolor sit amet, consectetuer adipiscing elit, sed diam nonummy nibh euismod tincidunt ut laoreet dolore magna aliquam erat volutpat. Ut wisi enim ad minim veniam, quis nostrud exerci tation ullamcorper suscipit lobortis nisl ut aliquip ex ea commodo consequat. Duis autem vel eum iriure dolor in hendrerit in vulputate velit esse molestie consequat, vel illum dolore eu feugiat nulla facilisis at vero eros et accumsan et iusto odio dignissim qui blandit praesent luptatum zzril delenit augue duis dolore te feugait nulla facilisi. Nam liber tempor cum soluta nobis eleifend option congue nihil imperdiet doming id quod mazim placerat facer possim assum. Typi non habent claritatem insitam; est usus legentis in iis qui facit eorum claritatem. Investigationes demonstraverunt lectores legere me lius quod ii legunt saepius. Claritas est etiam processus dynamicus, qui sequitur mutationem consuetudium lectorum. Mirum est notare quam littera gothica, quam nunc putamus parum claram, anteposuerit litterarum formas humanitatis per seacula quarta decima et quinta decima. Eodem modo typi, qui nunc nobis videntur parum clari, fiant sollemnes in futurum.",
        "maizPalomero": "Lorem ipsum dolor sit amet, consectetuer adipiscing elit, sed diam nonummy nibh euismod tincidunt ut laoreet dolore magna aliquam erat volutpat. Ut wisi enim ad minim veniam, quis nostrud exerci tation ullamcorper suscipit lobortis nisl ut aliquip ex ea commodo consequat. Duis autem vel eum iriure dolor in hendrerit in vulputate velit esse molestie consequat, vel illum dolore eu feugiat nulla facilisis at vero eros et accumsan et iusto odio dignissim qui blandit praesent luptatum zzril delenit augue duis dolore te feugait nulla facilisi. Nam liber tempor cum soluta nobis eleifend option congue nihil imperdiet doming id quod mazim placerat facer possim assum. Typi non habent claritatem insitam; est usus legentis in iis qui facit eorum claritatem. Investigationes demonstraverunt lectores legere me lius quod ii legunt saepius. Claritas est etiam processus dynamicus, qui sequitur mutationem consuetudium lectorum. Mirum est notare quam littera gothica, quam nunc putamus parum claram, anteposuerit litterarum formas humanitatis per seacula quarta decima et quinta decima. Eodem modo typi, qui nunc nobis videntur parum clari, fiant sollemnes in futurum."
    }
}